"210,counters::plain"
"237,counters::plain"
"376,counters::plain"
"393,counters::plain"
"430,counters::plain"
"439,counters::plain"
"504,counters::plain"
"593,counters::plain"
"608,counters::plain"
"647,counters::plain"
"654,counters::plain"
"661,counters::plain"
"699,counters::plain"
"709,counters::plain"
"726,counters::plain"
"857,counters::plain"
"869,counters::plain"
"901,counters::plain"
"950,counters::plain"
"976,counters::plain"
"48022,counters::plain"
"197423,counters::plain"
"243804,counters::plain"
"253752,counters::plain"
"261543,counters::plain"
"319683,counters::plain"
"522965,counters::plain"
"526779,counters::plain"
"868225,counters::plain"
"959196,counters::plain"
"1つ,counters::tsu"
"2つ,counters::tsu"
"3つ,counters::tsu"
"4つ,counters::tsu"
"5つ,counters::tsu"
"6つ,counters::tsu"
"7つ,counters::tsu"
"8つ,counters::tsu"
"9つ,counters::tsu"
"1個,counters::small-things"
"2個,counters::small-things"
"3個,counters::small-things"
"4個,counters::small-things"
"5個,counters::small-things"
"6個,counters::small-things"
"7個,counters::small-things"
"8個,counters::small-things"
"9個,counters::small-things"
"10個,counters::small-things"
"18個,counters::small-things"
"21個,counters::small-things"
"32個,counters::small-things"
"42個,counters::small-things"
"51個,counters::small-things"
"58個,counters::small-things"
"74個,counters::small-things"
"85個,counters::small-things"
"89個,counters::small-things"
"97個,counters::small-things"
"805円,counters::yen"
"1356円,counters::yen"
"1367円,counters::yen"
"2097円,counters::yen"
"2903円,counters::yen"
"2969円,counters::yen"
"3217円,counters::yen"
"3386円,counters::yen"
"3708円,counters::yen"
"4077円,counters::yen"
"4124円,counters::yen"
"4645円,counters::yen"
"4899円,counters::yen"
"5068円,counters::yen"
"5201円,counters::yen"
"5734円,counters::yen"
"5817円,counters::yen"
"5924円,counters::yen"
"6212円,counters::yen"
"6670円,counters::yen"
"6694円,counters::yen"
"7305円,counters::yen"
"7506円,counters::yen"
"7911円,counters::yen"
"8352円,counters::yen"
"8723円,counters::yen"
"8761円,counters::yen"
"9399円,counters::yen"
"9683円,counters::yen"
"9742円,counters::yen"
"22ページ,counters::pages"
"26ページ,counters::pages"
"54ページ,counters::pages"
"57ページ,counters::pages"
"73ページ,counters::pages"
"75ページ,counters::pages"
"91ページ,counters::pages"
"98ページ,counters::pages"
"122ページ,counters::pages"
"151ページ,counters::pages"
"154ページ,counters::pages"
"157ページ,counters::pages"
"158ページ,counters::pages"
"160ページ,counters::pages"
"161ページ,counters::pages"
"162ページ,counters::pages"
"189ページ,counters::pages"
"191ページ,counters::pages"
"191ページ,counters::pages"
"193ページ,counters::pages"
